count_point_id,hour,observations,mean_flow,median_flow,sd_flow,mean_cars,mean_buses,mean_cycles,peak_index
1013,16,4,157.5,145,21.3,129.5,0.5,0.0,1.173
1013,17,4,167.75,133,52.33,136.5,2.25,1.5,1.2493
1013,7,4,80.75,73,10.14,54.5,0.5,0.5,0.6014
1013,14,4,154.25,122,48.0,123.25,3.0,0.25,1.1488
1013,11,4,134.0,122,18.13,104.25,1.0,0.25,0.998
1013,12,4,144.75,135,29.58,112.75,1.0,0.5,1.078
1013,18,4,113.5,114,12.71,96.75,0.75,0.75,0.8453
1013,8,4,132.75,97,45.53,100.0,2.75,0.25,0.9887
1013,9,4,118.75,94,36.03,92.0,1.25,0.75,0.8844
1013,10,4,112.75,100,22.2,83.75,0.75,0.75,0.8397
1013,13,4,154.5,137,30.56,114.75,1.5,0.0,1.1507
1013,15,4,140.0,146,21.37,110.0,2.0,0.0,1.0427
1020,7,6,191.17,163,59.51,114.33,0.17,0.0,1.2925
1020,9,6,158.67,113,96.33,97.67,1.33,0.33,1.0728
1020,13,6,117.17,106,22.38,75.5,0.17,0.17,0.7922
1020,17,6,197.33,193,46.1,143.0,0.67,0.0,1.3342
1020,8,6,180.0,179,50.94,115.33,0.17,0.0,1.217
1020,10,6,113.17,110,23.46,71.33,0.17,0.0,0.7652
1020,15,6,148.33,139,30.58,88.5,0.17,0.0,1.0029
1020,12,6,118.0,110,15.48,73.67,0.5,0.0,0.7978
1020,16,6,182.33,180,39.6,109.0,0.17,0.0,1.2328
1020,11,6,115.0,106,23.44,76.17,1.0,0.17,0.7775
1020,14,6,130.33,132,17.15,80.83,0.83,0.0,0.8812
1020,18,6,123.33,106,38.13,91.5,0.83,0.0,0.8339
1024,8,7,166.71,162,53.38,119.71,4.14,0.57,1.1451
1024,12,7,146.14,121,40.86,109.43,1.29,1.29,1.0038
1024,18,7,111.57,113,29.35,94.57,1.14,0.0,0.7664
1024,10,7,129.43,109,47.86,88.86,1.29,0.57,0.889
1024,17,7,159.29,140,51.35,127.86,1.0,1.14,1.0941
1024,9,7,128.14,124,36.19,89.14,2.43,1.0,0.8802
1024,11,7,136.43,129,42.23,99.0,0.57,0.57,0.9371
1024,13,7,150.43,141,45.45,107.29,2.0,1.14,1.0333
1024,14,7,154.0,154,32.83,113.71,1.86,0.57,1.0578
1024,16,7,174.29,156,49.83,132.71,2.14,0.43,1.1972
1024,7,7,114.14,110,37.89,64.71,2.57,0.0,0.784
1024,15,7,176.43,148,65.45,128.71,3.71,0.0,1.2119
1029,8,4,435.75,276,255.4,359.0,17.0,1.75,1.503
1029,11,4,258.25,230,44.81,191.75,13.75,1.0,0.8908
1029,18,4,273.5,247,37.21,245.5,8.75,2.5,0.9434
1029,9,4,245.75,166,121.66,186.5,12.5,0.75,0.8477
1029,10,4,212.75,178,61.63,150.25,13.75,1.0,0.7338
1029,12,4,254.75,234,49.56,197.75,13.25,0.5,0.8787
1029,13,4,214.75,183,53.3,164.25,12.0,1.25,0.7407
1029,7,4,321.0,134,229.92,243.25,11.5,3.0,1.1072
1029,14,4,281.0,280,27.19,218.5,13.0,0.5,0.9692
1029,15,4,301.25,287,32.68,241.5,13.25,0.5,1.0391
1029,16,4,323.5,297,72.38,261.5,14.0,1.0,1.1158
1029,17,4,356.75,315,78.94,305.5,13.0,3.0,1.2305
1030,7,4,104.25,86,38.92,84.5,0.0,0.0,1.2827
1030,9,4,68.25,66,6.65,58.0,0.0,0.25,0.8398
1030,10,4,68.0,61,16.63,52.5,1.0,0.25,0.8367
1030,13,4,59.75,59,11.44,51.0,0.25,0.25,0.7352
1030,15,4,76.0,65,20.35,62.0,0.5,0.25,0.9351
1030,11,4,58.0,57,3.74,44.0,0.75,0.5,0.7137
1030,18,4,91.0,80,16.99,78.5,0.5,0.25,1.1197
1030,8,4,116.5,101,23.61,98.75,0.0,0.0,1.4335
1030,12,4,56.5,56,6.86,49.5,0.0,0.0,0.6952
1030,14,4,72.0,71,13.93,56.5,0.5,0.0,0.8859
1030,16,4,88.25,84,17.25,68.75,1.0,0.25,1.0859
1030,17,4,116.75,104,25.32,96.0,1.0,0.5,1.4366
10502,8,40,3304.58,3372,559.21,2554.1,7.03,0.08,1.2396
10502,10,40,2130.18,2109,360.99,1483.6,10.93,0.08,0.7991
10502,13,40,2292.58,2263,418.09,1657.13,7.13,0.08,0.86
10502,18,40,2415.83,2356,617.99,2091.8,8.05,0.13,0.9062
10502,7,40,3373.35,3116,794.72,2459.93,7.7,0.03,1.2654
10502,12,40,2175.55,2091,453.82,1560.5,5.6,0.18,0.8161
10502,11,40,2127.75,2176,372.09,1491.88,7.25,0.05,0.7982
10502,14,40,2396.8,2368,447.56,1726.3,10.03,0.08,0.8991
10502,15,40,2660.58,2546,541.45,1968.23,9.85,0.03,0.998
10502,17,40,3387.73,3435,692.13,2907.6,8.58,0.18,1.2708
10502,9,40,2386.75,2407,461.06,1700.55,13.38,0.1,0.8953
10502,16,40,3338.45,3381,597.82,2626.48,10.25,0.15,1.2523
10520,14,8,135.63,142,23.35,103.25,1.88,0.25,1.1338
10520,8,8,120.25,110,32.75,81.25,1.75,0.13,1.0052
10520,11,8,123.38,112,24.47,85.25,0.75,0.0,1.0314
10520,12,8,128.5,124,31.8,88.5,0.88,0.25,1.0742
10520,18,8,92.38,90,19.12,75.5,0.5,0.38,0.7722
10520,7,8,60.63,62,19.11,37.38,0.13,0.25,0.5068
10520,9,8,119.38,112,18.35,81.88,1.0,0.0,0.9979
10520,15,8,124.88,127,19.88,90.5,1.75,0.0,1.0439
10520,10,8,120.5,109,32.29,83.0,1.25,0.13,1.0073
10520,13,8,136.63,135,24.07,102.5,1.0,0.13,1.1421
10520,16,8,144.63,133,21.79,109.0,2.88,0.13,1.209
10520,17,8,128.75,120,22.56,102.63,1.25,0.5,1.0763
10522,7,8,284.38,276,38.78,243.75,3.38,1.25,0.9006
10522,8,8,472.25,445,91.68,413.0,3.5,1.38,1.4955
10522,11,8,239.75,248,70.51,195.75,1.38,0.38,0.7592
10522,12,8,257.5,243,59.86,214.88,1.5,0.13,0.8155
10522,9,8,263.25,275,45.15,212.75,2.63,0.25,0.8337
10522,15,8,370.25,299,152.87,327.88,2.88,0.75,1.1725
10522,18,8,253.5,236,81.66,231.88,1.25,1.25,0.8028
10522,13,8,268.75,260,79.67,230.88,1.0,0.13,0.8511
10522,17,8,450.63,364,199.1,412.88,2.25,1.5,1.4271
10522,10,8,222.38,216,37.48,173.13,1.88,0.25,0.7042
10522,14,8,280.75,269,68.82,235.75,1.75,0.88,0.8891
10522,16,8,425.88,303,188.83,378.13,3.13,0.75,1.3487
10535,11,24,782.04,793,111.2,575.29,2.5,0.04,0.7668
10535,13,24,840.96,814,123.65,630.21,2.83,0.08,0.8246
10535,15,24,1105.75,1033,226.27,844.96,5.83,0.29,1.0842
10535,14,24,889.58,856,115.92,661.13,5.75,0.04,0.8723
10535,16,24,1338.38,1246,313.98,1043.38,6.58,0.08,1.3123
10535,18,24,955.88,965,105.54,837.79,2.63,0.13,0.9373
10535,7,24,1237.5,1038,424.61,884.83,5.42,0.04,1.2134
10535,8,24,1277.54,1004,374.3,985.67,5.42,0.04,1.2527
10535,10,24,776.21,771,129.81,561.63,6.04,0.08,0.7611
10535,12,24,801.38,777,128.97,598.04,3.17,0.17,0.7858
10535,17,24,1357.25,1198,311.36,1146.13,4.58,0.25,1.3308
10535,9,24,875.79,779,218.63,639.04,6.96,0.04,0.8587
10547,14,8,125.5,121,22.26,100.75,2.88,0.38,0.9112
10547,8,8,175.63,170,71.83,143.0,6.38,0.25,1.2752
10547,9,8,128.88,133,26.78,101.13,4.38,0.0,0.9357
10547,11,8,110.63,110,19.18,88.38,2.88,0.75,0.8032
10547,7,8,119.5,101,38.05,88.63,3.5,0.25,0.8676
10547,12,8,117.5,109,27.72,96.5,2.63,0.13,0.8531
10547,15,8,149.0,146,23.99,122.75,5.38,0.63,1.0818
10547,16,8,182.88,169,40.98,148.5,4.0,0.75,1.3278
10547,18,8,128.38,129,11.75,118.0,1.13,0.38,0.9321
10547,10,8,102.75,105,13.3,79.25,2.5,0.25,0.746
10547,13,8,116.88,109,26.41,95.38,2.25,0.5,0.8486
10547,17,8,195.25,197,44.85,169.0,2.63,0.25,1.4176
10548,8,22,2293.23,2235,383.14,1824.64,16.68,0.14,1.1912
10548,11,22,1517.64,1474,251.19,1133.23,8.32,0.0,0.7883
10548,16,22,2437.45,2204,571.58,1993.05,14.5,0.0,1.2661
10548,7,22,2289.14,1831,905.44,1719.32,14.14,0.23,1.1891
10548,10,22,1475.27,1451,201.26,1086.95,10.0,0.27,0.7663
10548,13,22,1703.09,1666,278.88,1319.27,10.68,0.14,0.8846
10548,14,22,1784.45,1703,282.35,1365.68,17.32,0.05,0.9269
10548,9,22,1732.36,1654,356.28,1316.68,15.68,0.05,0.8998
10548,12,22,1573.32,1559,197.25,1212.27,9.23,0.18,0.8172
10548,15,22,2039.73,1845,468.32,1575.36,18.05,0.14,1.0595
10548,17,22,2492.73,2286,647.14,2168.5,8.14,0.0,1.2948
10548,18,22,1763.77,1528,433.55,1578.23,7.41,0.05,0.9162
10556,9,6,255.67,248,40.9,196.67,3.0,0.0,1.0077
10556,10,6,234.0,225,35.82,170.33,2.17,0.67,0.9223
10556,11,6,232.67,233,27.82,171.33,1.17,0.5,0.9171
10556,14,6,251.5,250,24.56,189.83,2.33,0.33,0.9913
10556,18,6,209.67,210,22.99,175.67,1.5,0.67,0.8264
10556,7,6,139.5,127,20.66,79.83,3.33,0.33,0.5498
10556,8,6,286.33,280,45.93,218.17,6.5,0.33,1.1286
10556,12,6,262.83,257,33.74,203.5,1.33,0.17,1.0359
10556,13,6,261.67,263,16.91,185.17,2.0,0.33,1.0314
10556,15,6,312.5,300,42.09,244.67,6.0,0.67,1.2317
10556,17,6,293.0,283,36.13,246.0,2.5,1.83,1.1549
10556,16,6,305.17,273,60.79,243.0,3.17,1.33,1.2028
10576,7,22,323.59,273,126.61,247.0,8.0,0.55,0.7879
10576,9,22,398.95,388,78.37,310.14,8.27,0.36,0.9714
10576,8,22,473.27,446,105.55,376.64,10.82,0.18,1.1523
10576,10,22,352.45,330,63.9,269.32,7.23,0.32,0.8582
10576,13,22,402.59,395,68.94,321.82,5.45,0.73,0.9803
10576,15,22,417.86,430,87.14,334.55,10.41,0.73,1.0174
10576,17,22,545.27,553,67.69,482.68,5.41,1.27,1.3277
10576,18,22,389.05,392,54.06,348.09,4.59,0.86,0.9473
10576,14,22,402.18,391,84.55,322.27,6.77,0.36,0.9793
10576,16,22,515.05,511,108.83,428.0,7.41,0.82,1.2541
10576,11,22,348.14,342,77.63,271.27,5.68,0.68,0.8477
10576,12,22,360.0,354,73.95,284.64,5.64,0.5,0.8766
10588,10,8,128.0,118,26.23,96.0,0.63,0.0,1.0253
10588,11,8,120.0,118,27.52,90.5,1.0,0.0,0.9613
10588,14,8,119.75,119,22.06,88.88,1.38,0.13,0.9593
10588,15,8,146.63,146,30.54,113.38,2.75,0.0,1.1746
10588,16,8,143.38,145,23.62,114.13,1.75,0.0,1.1485
10588,17,8,158.88,157,29.76,126.25,2.0,0.13,1.2727
10588,7,8,80.38,82,21.73,49.38,1.75,0.0,0.6439
10588,13,8,114.13,97,30.68,86.75,0.38,0.25,0.9142
10588,18,8,119.63,120,14.13,101.25,0.88,0.25,0.9583
10588,8,8,133.25,128,29.61,96.75,2.13,0.0,1.0674
10588,9,8,121.5,109,30.7,85.38,2.0,0.13,0.9733
10588,12,8,112.5,108,8.64,83.5,0.5,0.0,0.9012
10594,7,14,400.43,391,78.09,328.14,4.21,2.07,0.7672
10594,17,14,631.36,625,68.44,575.14,3.14,2.07,1.2097
10594,9,14,440.86,432,86.96,361.07,4.5,0.86,0.8447
10594,10,14,446.5,429,69.89,368.64,4.07,0.79,0.8555
10594,12,14,503.36,464,74.03,432.93,2.86,1.0,0.9644
10594,8,14,552.43,550,63.47,463.43,4.0,1.43,1.0585
10594,13,14,556.71,554,70.95,484.0,3.57,1.64,1.0667
10594,14,14,532.07,521,58.31,461.43,3.21,0.71,1.0195
10594,15,14,567.93,562,70.34,494.14,3.71,1.21,1.0882
10594,11,14,495.29,484,50.15,420.36,3.29,0.93,0.949
10594,16,14,637.71,638,62.26,563.14,4.86,2.36,1.2219
10594,18,14,498.36,489,77.0,459.0,3.5,1.57,0.9549
10608,8,8,367.5,281,122.37,306.25,4.38,0.88,1.1963
10608,9,8,304.25,249,88.6,245.75,1.63,1.5,0.9904
10608,12,8,274.38,278,26.76,229.88,0.88,0.75,0.8932
10608,15,8,344.88,344,47.63,294.25,3.0,1.63,1.1227
10608,10,8,252.0,240,51.99,202.38,1.0,0.75,0.8203
10608,16,8,380.25,393,52.35,323.25,1.88,2.25,1.2378
10608,17,8,402.38,383,89.49,359.13,1.0,2.38,1.3098
10608,7,8,189.75,179,44.05,145.63,1.75,0.75,0.6177
10608,11,8,270.0,280,34.54,217.25,1.25,0.88,0.8789
10608,13,8,295.13,295,31.99,243.75,0.88,1.0,0.9607
10608,14,8,317.38,314,32.86,263.38,1.63,1.13,1.0331
10608,18,8,288.5,278,53.32,262.88,1.5,1.38,0.9391
10629,8,8,387.63,387,64.53,342.63,6.88,8.38,1.3382
10629,10,8,237.13,217,41.97,196.13,4.5,2.0,0.8186
10629,13,8,266.0,271,20.82,226.13,4.63,3.25,0.9183
10629,12,8,252.63,244,29.85,213.0,4.88,2.75,0.8721
10629,15,8,310.63,297,23.92,270.38,6.88,4.25,1.0724
10629,7,8,222.25,196,55.75,184.38,3.88,4.5,0.7673
10629,11,8,262.25,266,32.87,220.13,4.38,3.13,0.9053
10629,14,8,245.75,239,36.94,209.13,5.38,1.88,0.8484
10629,18,8,317.75,270,102.6,296.63,3.13,8.88,1.0969
10629,9,8,287.38,268,55.97,243.63,4.5,4.63,0.9921
10629,16,8,326.0,318,49.11,287.13,4.88,5.13,1.1254
10629,17,8,360.63,335,50.05,329.75,4.38,8.0,1.245
1064,9,6,27.83,25,10.87,22.67,0.0,0.17,0.8236
1064,15,6,38.83,34,7.31,30.0,0.67,0.67,1.1491
1064,7,6,28.5,27,7.01,19.67,0.83,0.0,0.8434
1064,11,6,35.33,39,12.11,25.33,0.0,0.33,1.0455
1064,16,6,39.5,38,10.54,28.33,0.83,0.17,1.169
1064,18,6,33.5,31,8.17,24.0,0.0,0.17,0.9914
1064,14,6,38.33,38,3.01,26.83,0.33,0.5,1.1343
1064,8,6,33.67,32,15.19,23.17,1.0,0.0,0.9964
1064,10,6,33.83,32,13.03,27.33,0.17,0.17,1.0012
1064,12,6,28.17,27,5.6,20.33,0.0,0.0,0.8337
1064,13,6,30.67,27,9.24,19.0,0.0,0.17,0.9076
1064,17,6,37.33,33,10.76,28.5,0.17,0.0,1.1047
10663,12,2,380.5,118,371.23,315.0,5.0,0.0,0.8334
10663,7,2,537.5,104,613.06,400.5,6.0,3.0,1.1773
10663,13,2,421.5,130,412.24,349.0,3.5,0.5,0.9232
10663,15,2,493.0,215,393.15,409.5,5.5,0.5,1.0799
10663,17,2,487.0,196,411.54,439.5,3.0,0.5,1.0667
10663,18,2,348.5,156,272.24,319.0,2.0,0.0,0.7633
10663,8,2,603.0,222,538.82,519.5,11.5,0.0,1.3208
10663,9,2,421.0,145,390.32,335.5,4.0,0.0,0.9222
10663,10,2,401.0,133,379.01,318.5,3.0,0.0,0.8783
10663,11,2,409.5,139,382.54,333.5,3.5,0.5,0.897
10663,14,2,461.0,159,427.09,373.5,7.5,0.5,1.0098
10663,16,2,515.0,277,336.58,440.0,3.5,0.5,1.128
10669,9,12,380.92,383,38.33,281.92,3.83,0.25,0.8842
10669,13,12,398.25,402,36.78,318.75,2.33,0.33,0.9244
10669,14,12,393.75,385,32.45,310.0,4.33,0.33,0.914
10669,8,12,599.83,579,83.97,489.17,8.58,0.42,1.3924
10669,12,12,365.08,364,62.55,286.67,2.25,0.17,0.8475
10669,15,12,460.58,444,69.48,364.42,6.25,0.25,1.0691
10669,16,12,528.83,535,46.24,437.83,5.25,0.5,1.2276
10669,18,12,382.17,367,53.67,344.92,2.0,0.33,0.8871
10669,7,12,401.58,383,70.3,311.42,4.83,0.67,0.9322
10669,10,12,319.5,317,23.59,238.42,2.5,0.17,0.7416
10669,11,12,353.75,347,28.81,265.83,2.58,0.17,0.8212
10669,17,12,585.33,573,92.26,519.42,3.17,0.42,1.3587
1071,9,4,86.0,69,23.58,69.25,0.75,0.0,0.9525
1071,10,4,78.75,71,27.08,68.25,0.0,0.25,0.8722
1071,18,4,72.5,66,15.07,66.5,0.25,0.0,0.803
1071,11,4,105.5,105,1.0,88.25,1.25,0.5,1.1684
1071,12,4,111.0,110,3.46,95.75,0.25,0.25,1.2293
1071,15,4,111.5,104,23.17,96.25,1.5,2.0,1.2349
1071,14,4,99.0,98,2.45,83.75,1.25,0.0,1.0964
1071,7,4,30.5,27,10.47,20.5,0.75,0.25,0.3378
1071,8,4,71.75,72,8.73,52.0,0.5,0.25,0.7946
1071,13,4,91.75,88,6.18,79.75,0.0,0.0,1.0162
1071,16,4,122.75,100,35.46,108.25,0.5,2.0,1.3595
1071,17,4,102.5,112,26.1,93.0,0.75,0.75,1.1352
10727,7,4,233.25,167,159.67,179.0,3.0,0.5,0.9839
10727,9,4,215.25,115,125.07,159.25,1.25,2.5,0.908
10727,12,4,198.0,93,121.29,149.0,0.5,2.5,0.8352
10727,15,4,259.25,150,128.3,199.25,2.5,0.0,1.0936
10727,16,4,287.75,160,157.85,222.75,1.25,2.5,1.2138
10727,10,4,209.0,119,119.41,153.75,1.0,0.25,0.8816
10727,17,4,296.75,185,186.58,249.0,1.25,0.5,1.2518
10727,8,4,263.25,184,166.85,208.5,3.0,3.5,1.1105
10727,11,4,221.0,122,123.41,168.25,1.25,0.5,0.9322
10727,13,4,203.0,110,118.41,155.75,0.75,1.5,0.8563
10727,14,4,224.0,115,128.19,169.75,0.5,0.0,0.9449
10727,18,4,234.25,118,152.29,201.5,1.0,0.0,0.9881
10740,9,8,335.0,314,45.69,213.63,4.25,0.0,0.9175
10740,12,8,377.75,363,89.61,271.63,3.5,0.0,1.0346
10740,16,8,433.88,411,50.15,319.13,4.13,0.0,1.1884
10740,8,8,372.0,363,40.47,243.88,5.25,0.0,1.0189
10740,11,8,362.38,334,74.56,257.63,2.25,0.0,0.9925
10740,18,8,291.0,258,83.18,230.0,2.13,0.0,0.797
10740,7,8,279.0,292,53.54,161.88,1.38,0.0,0.7642
10740,10,8,324.25,316,52.43,225.0,2.63,0.0,0.8881
10740,13,8,387.88,368,78.75,277.75,3.38,0.25,1.0624
10740,14,8,376.88,406,55.92,262.75,4.63,0.0,1.0322
10740,15,8,420.13,443,66.8,299.25,3.88,0.25,1.1507
10740,17,8,421.13,441,62.74,329.13,3.63,0.0,1.1534
10752,8,4,113.25,104,14.45,65.0,3.0,0.0,1.0095
10752,11,4,112.75,105,16.62,77.5,1.5,0.0,1.005
10752,12,4,110.75,113,31.86,76.25,1.75,0.0,0.9872
10752,13,4,112.0,106,20.61,78.0,0.75,0.25,0.9983
10752,18,4,91.5,72,23.7,63.75,1.25,0.0,0.8156
10752,9,4,92.0,88,22.61,56.75,0.75,0.0,0.8201
10752,10,4,125.75,115,35.53,83.75,3.0,0.25,1.1209
10752,7,4,87.5,79,15.93,45.75,1.25,0.0,0.7799
10752,14,4,140.75,116,48.85,96.0,2.25,0.0,1.2546
10752,15,4,119.0,110,18.22,79.5,2.5,0.0,1.0607
10752,16,4,125.0,116,19.34,88.5,1.5,0.0,1.1142
10752,17,4,116.0,111,37.57,83.25,0.75,0.0,1.034
10757,8,8,1090.38,1068,96.85,928.25,5.88,0.25,1.5272
10757,9,8,588.38,560,57.14,442.75,4.88,0.0,0.8241
10757,11,8,538.5,536,37.05,395.38,3.88,0.0,0.7542
10757,14,8,656.63,658,22.76,516.88,5.63,0.13,0.9197
10757,16,8,992.75,1022,111.99,836.63,6.0,0.25,1.3904
10757,7,8,849.75,774,116.13,694.0,5.88,0.75,1.1902
10757,15,8,691.75,671,48.85,548.0,5.63,0.0,0.9689
10757,17,8,960.88,932,71.96,860.88,4.88,0.5,1.3458
10757,18,8,580.75,591,49.21,522.63,2.88,2.38,0.8134
10757,12,8,558.38,547,46.45,433.0,4.63,0.0,0.7821
10757,13,8,573.13,577,45.38,443.63,4.0,0.0,0.8027
10757,10,8,486.5,478,48.72,350.5,6.13,0.13,0.6814
10768,10,20,1041.1,1057,114.37,704.95,8.5,0.0,0.8399
10768,11,20,1080.75,1070,131.99,754.05,9.55,0.0,0.8719
10768,18,20,1100.9,1106,205.71,932.55,8.8,0.25,0.8882
10768,8,20,1394.6,1353,230.37,1032.65,10.1,0.1,1.1251
10768,12,20,1084.7,1088,126.14,774.4,7.7,0.1,0.8751
10768,14,20,1235.2,1200,183.04,892.0,8.95,0.25,0.9965
10768,9,20,1130.8,1127,180.5,770.85,11.25,0.0,0.9123
10768,13,20,1189.25,1171,172.89,854.25,7.75,0.0,0.9595
10768,16,20,1532.95,1523,303.54,1199.15,11.9,0.1,1.2368
10768,7,20,1163.2,1090,261.03,781.05,8.0,0.2,0.9384
10768,15,20,1380.95,1335,226.74,1010.5,10.65,0.05,1.1141
10768,17,20,1539.5,1477,290.31,1298.65,10.05,0.05,1.242
10800,8,4,143.0,141,35.58,112.5,1.25,0.0,1.2117
10800,12,4,97.0,88,12.99,69.75,1.0,0.0,0.8219
10800,16,4,153.75,135,45.44,122.0,2.0,0.0,1.3027
10800,18,4,106.5,100,21.46,88.0,1.0,0.0,0.9024
10800,9,4,112.75,107,8.34,84.75,2.5,0.0,0.9553
10800,13,4,106.75,109,10.31,81.75,0.5,0.0,0.9045
10800,15,4,115.75,115,28.65,89.75,1.75,0.0,0.9808
10800,10,4,105.75,104,12.42,78.25,1.0,0.0,0.896
10800,11,4,107.25,105,11.62,79.5,1.25,0.0,0.9087
10800,14,4,104.5,99,20.87,79.0,0.25,0.0,0.8854
10800,7,4,115.25,113,40.13,84.0,2.0,0.0,0.9765
10800,17,4,148.0,130,29.54,122.75,1.25,0.5,1.254
10804,9,2,195.0,179,22.63,129.5,0.5,0.0,0.7996
10804,10,2,175.5,162,19.09,105.5,2.0,0.5,0.7196
10804,12,2,208.5,183,36.06,144.0,0.5,0.0,0.8549
10804,14,2,258.5,250,12.02,177.0,1.5,1.0,1.06
10804,16,2,319.0,281,53.74,252.0,1.5,6.5,1.308
10804,18,2,210.5,177,47.38,185.0,1.0,0.5,0.8631
10804,8,2,248.5,247,2.12,176.0,4.5,0.5,1.019
10804,15,2,289.5,275,20.51,202.0,2.0,1.0,1.1871
10804,7,2,248.0,242,8.49,160.0,1.0,1.0,1.0169
10804,11,2,202.5,194,12.02,132.0,0.5,2.0,0.8303
10804,13,2,260.0,251,12.73,173.5,0.0,1.0,1.0661
10804,17,2,311.0,258,74.95,249.5,0.5,1.0,1.2752
10817,12,6,376.0,325,103.06,237.17,58.17,23.83,1.022
10817,14,6,381.17,335,96.16,249.83,60.83,30.0,1.036
10817,11,6,350.67,297,102.24,205.33,61.67,17.17,0.9531
10817,7,6,298.33,226,144.63,166.17,60.0,23.17,0.8109
10817,10,6,343.0,287,107.98,197.0,60.17,16.5,0.9323
10817,16,6,418.83,373,135.57,295.67,61.83,38.67,1.1384
10817,18,6,384.0,338,99.04,302.83,58.0,38.67,1.0437
10817,8,6,363.83,280,153.7,223.0,62.83,32.83,0.9889
10817,9,6,346.33,264,141.92,204.17,60.67,20.83,0.9413
10817,13,6,374.0,318,106.77,245.67,58.0,26.0,1.0165
10817,15,6,387.0,356,99.31,255.67,59.5,28.67,1.0519
10817,17,6,391.83,353,103.66,284.5,66.83,49.5,1.065
10822,7,4,271.75,82,242.94,139.0,82.5,14.75,0.8343
10822,8,4,327.25,82,315.37,173.75,103.5,30.5,1.0047
10822,13,4,341.25,83,309.06,213.75,80.75,16.5,1.0477
10822,16,4,353.75,97,305.82,234.25,93.75,21.75,1.0861
10822,17,4,322.75,93,270.01,209.0,94.5,25.0,0.9909
10822,18,4,330.25,87,283.21,228.75,85.0,20.25,1.0139
10822,9,4,313.75,91,270.59,176.75,89.0,14.75,0.9633
10822,11,4,306.25,88,264.67,174.5,76.5,10.0,0.9403
10822,15,4,350.0,98,303.16,222.5,81.0,12.0,1.0746
10822,10,4,325.75,96,283.92,184.25,81.25,12.0,1.0001
10822,12,4,317.5,88,276.94,184.5,80.75,13.25,0.9748
10822,14,4,348.25,89,306.84,226.5,78.75,14.5,1.0692
10825,8,6,781.5,695,267.82,620.67,16.5,5.5,1.1881
10825,9,6,573.17,531,103.62,457.33,15.17,3.0,0.8714
10825,13,6,636.33,596,66.1,527.5,15.33,0.83,0.9674
10825,15,6,654.0,626,85.75,544.0,17.0,0.5,0.9943
10825,10,6,555.83,542,59.01,447.0,15.17,0.83,0.845
10825,11,6,523.5,510,43.71,424.5,14.17,1.83,0.7959
10825,12,6,556.33,552,85.18,454.0,14.83,1.0,0.8458
10825,17,6,815.83,765,151.08,714.17,17.0,5.83,1.2403
10825,14,6,603.0,610,85.25,506.0,14.83,1.5,0.9167
10825,16,6,796.33,806,178.96,666.33,18.0,3.17,1.2107
10825,7,6,694.67,506,357.61,561.67,15.5,3.67,1.0561
10825,18,6,702.67,697,87.76,622.17,15.17,2.83,1.0683
10840,8,6,73.33,75,34.38,56.67,1.5,0.83,1.2583
10840,9,6,60.33,47,27.27,45.83,0.33,1.0,1.0352
10840,12,6,56.17,46,16.73,39.5,2.33,1.33,0.9638
10840,10,6,53.33,53,11.88,40.67,0.83,1.0,0.9151
10840,13,6,49.67,50,5.99,35.5,0.83,0.83,0.8523
10840,14,6,56.17,52,8.91,40.17,1.0,0.33,0.9638
10840,16,6,58.33,59,11.96,47.0,0.5,0.5,1.0009
10840,18,6,53.83,48,18.18,46.33,1.0,0.67,0.9237
10840,7,6,56.5,25,47.96,43.17,1.67,0.83,0.9695
10840,15,6,65.17,60,14.52,48.67,1.83,1.0,1.1183
10840,11,6,51.17,55,12.19,36.5,0.17,0.67,0.878
10840,17,6,65.33,59,12.88,54.33,0.5,0.67,1.121
10846,9,6,197.67,163,75.31,153.5,3.5,0.0,0.8766
10846,12,6,211.0,229,49.47,170.67,1.83,0.33,0.9358
10846,15,6,259.0,263,76.56,210.0,3.33,0.0,1.1486
10846,11,6,206.67,210,44.19,165.17,1.83,0.0,0.9166
10846,14,6,235.33,240,61.4,189.17,4.33,0.0,1.0437
10846,18,6,194.5,201,71.05,170.83,2.83,0.17,0.8626
10846,7,6,167.33,145,81.8,119.67,2.17,0.33,0.7421
10846,10,6,192.17,189,55.27,150.0,2.17,0.17,0.8522
10846,16,6,281.33,263,88.01,234.67,3.33,0.5,1.2477
10846,8,6,275.0,225,102.83,222.83,4.33,0.17,1.2196
10846,13,6,216.83,238,58.16,177.5,2.17,0.17,0.9616
10846,17,6,269.0,219,106.36,237.0,2.83,0.17,1.193
10849,7,2,627.0,331,418.61,450.5,6.0,2.0,1.0881
10849,12,2,464.0,438,36.77,380.0,6.0,1.5,0.8053
10849,17,2,724.0,666,82.02,608.0,7.0,3.5,1.2565
10849,18,2,665.0,637,39.6,588.5,6.5,2.0,1.1541
10849,8,2,746.0,643,145.66,601.0,16.0,2.0,1.2947
10849,11,2,463.0,392,100.41,380.5,6.5,1.0,0.8035
10849,13,2,514.5,467,67.18,411.5,6.5,0.0,0.8929
10849,15,2,605.0,542,89.1,501.0,6.0,2.0,1.05
10849,9,2,443.5,398,64.35,354.5,6.5,0.5,0.7697
10849,10,2,390.0,328,87.68,298.5,8.0,1.5,0.6768
10849,14,2,539.5,497,60.1,424.0,11.0,1.0,0.9363
10849,16,2,733.0,552,255.97,588.0,12.0,2.0,1.2721
10891,7,6,691.17,624,306.69,538.17,7.67,5.83,1.0199
10891,11,6,475.83,461,62.88,370.33,5.83,2.0,0.7022
10891,13,6,589.17,582,83.17,485.83,6.17,1.33,0.8694
10891,9,6,535.5,438,144.92,409.17,7.0,2.33,0.7902
10891,18,6,656.17,628,130.95,601.83,3.17,6.17,0.9683
10891,8,6,997.17,871,358.14,845.67,11.83,2.17,1.4715
10891,15,6,691.83,702,74.23,550.33,8.83,1.67,1.0209
10891,17,6,1044.67,883,341.13,918.17,5.67,4.17,1.5416
10891,10,6,464.17,401,96.18,348.17,6.5,3.17,0.685
10891,12,6,525.33,524,38.68,415.5,6.5,0.83,0.7752
10891,14,6,585.17,576,45.44,465.33,6.5,1.33,0.8635
10891,16,6,875.67,840,124.01,723.17,10.67,4.17,1.2922
1090,7,4,138.75,50,191.4,88.25,37.75,30.75,0.8737
1090,14,4,139.5,66,126.58,90.0,40.0,19.0,0.8784
1090,8,4,232.25,66,346.29,171.75,45.0,70.25,1.4624
1090,11,4,140.75,71,153.78,87.5,44.0,16.25,0.8863
1090,12,4,144.75,55,167.75,94.0,41.75,19.25,0.9115
1090,13,4,156.5,66,173.44,97.75,43.75,19.25,0.9854
1090,17,4,161.5,106,93.03,115.5,40.25,82.75,1.0169
1090,18,4,196.75,174,60.83,147.75,38.25,46.0,1.2389
1090,9,4,169.25,62,219.81,111.5,45.25,42.25,1.0657
1090,10,4,124.25,59,129.09,71.25,42.75,16.5,0.7824
1090,15,4,149.5,82,142.05,92.0,43.5,24.25,0.9414
1090,16,4,152.0,91,122.27,101.25,43.25,37.0,0.9571
10907,7,4,66.5,70,13.96,40.5,0.25,0.0,0.5818
10907,10,4,106.5,105,27.92,83.0,0.5,0.0,0.9318
10907,12,4,122.75,117,7.27,97.75,0.0,0.0,1.074
10907,13,4,108.0,101,13.49,82.5,0.25,0.25,0.945
10907,14,4,135.75,141,16.03,111.25,0.75,0.0,1.1878
10907,16,4,130.75,121,31.94,102.25,0.75,0.0,1.144
10907,8,4,114.25,109,22.72,87.75,1.5,0.0,0.9996
10907,17,4,138.75,123,33.51,115.25,0.5,0.25,1.214
10907,18,4,87.25,77,15.5,76.75,0.0,0.0,0.7634
10907,9,4,90.0,80,24.21,69.75,0.25,0.0,0.7875
10907,11,4,132.25,123,23.68,101.5,0.25,0.0,1.1571
10907,15,4,138.75,129,24.92,111.5,2.0,0.0,1.214
10914,8,2,331.5,258,103.94,288.5,2.0,1.0,1.2551
10914,18,2,268.0,216,73.54,237.0,3.5,2.0,1.0147
10914,9,2,178.5,160,26.16,148.0,1.0,1.5,0.6758
10914,10,2,178.5,167,16.26,147.5,1.0,0.0,0.6758
10914,11,2,214.0,206,11.31,169.0,2.0,0.0,0.8102
10914,14,2,234.5,216,26.16,195.0,2.0,1.0,0.8878
10914,15,2,269.5,256,19.09,226.5,2.0,0.0,1.0204
10914,7,2,336.5,232,147.79,279.0,2.0,1.0,1.274
10914,13,2,220.5,198,31.82,191.5,2.0,0.0,0.8348
10914,12,2,209.0,201,11.31,178.5,1.0,0.5,0.7913
10914,16,2,347.0,274,103.24,293.0,4.5,0.0,1.3138
10914,17,2,382.0,254,181.02,349.5,1.0,0.0,1.4463
10924,8,6,1039.67,872,552.01,896.33,5.5,39.33,1.2512
10924,15,6,820.83,827,336.39,679.0,5.5,10.0,0.9878
10924,7,6,717.33,610,414.28,598.33,4.67,17.33,0.8633
10924,11,6,737.0,610,270.0,593.67,4.83,12.0,0.887
10924,12,6,894.83,810,491.41,753.83,3.5,14.5,1.0769
10924,13,6,874.67,875,391.43,711.83,2.67,12.5,1.0526
10924,9,6,919.67,867,397.33,761.5,4.33,20.33,1.1068
10924,10,6,661.0,613,222.5,499.0,4.67,10.33,0.7955
10924,14,6,754.33,747,277.45,608.5,3.17,8.17,0.9078
10924,17,6,942.5,806,313.81,834.33,5.17,27.5,1.1343
10924,16,6,883.17,883,302.89,739.0,4.5,19.33,1.0629
10924,18,6,726.17,736,293.24,635.0,3.17,23.5,0.8739
10930,8,2,47.5,39,12.02,32.0,2.0,0.0,0.9055
10930,9,2,51.5,51,0.71,39.5,1.5,0.0,0.9817
10930,12,2,51.5,41,14.85,43.5,0.5,0.0,0.9817
10930,18,2,48.5,40,12.02,43.5,0.5,0.5,0.9245
10930,15,2,64.0,58,8.49,51.0,1.5,1.0,1.22
10930,17,2,60.5,46,20.51,52.5,0.5,0.0,1.1533
10930,11,2,47.0,40,9.9,35.5,0.5,0.0,0.8959
10930,14,2,61.0,54,9.9,51.0,0.5,0.0,1.1628
10930,16,2,68.0,61,9.9,54.5,2.5,0.5,1.2963
10930,7,2,26.5,25,2.12,16.5,1.5,0.0,0.5052
10930,10,2,52.0,42,14.14,41.5,0.5,0.5,0.9913
10930,13,2,51.5,47,6.36,38.5,1.0,0.0,0.9817
10937,10,4,12.25,12,5.25,9.5,0.0,0.0,1.3706
10937,13,4,8.0,7,3.16,5.75,0.0,0.0,0.8951
10937,14,4,9.0,7,2.45,5.25,0.25,0.0,1.007
10937,11,4,7.0,5,3.56,5.5,0.25,0.0,0.7832
10937,16,4,12.0,9,4.08,9.0,0.5,0.0,1.3427
10937,7,4,5.25,4,3.4,2.75,0.25,0.0,0.5874
10937,17,4,11.5,10,2.65,7.5,0.75,0.0,1.2867
10937,8,4,5.25,3,2.63,3.0,0.5,0.0,0.5874
10937,9,4,8.75,7,3.59,4.0,0.5,0.25,0.979
10937,12,4,11.25,9,5.56,7.5,0.5,0.0,1.2587
10937,15,4,9.25,8,4.79,6.25,0.75,0.0,1.035
10937,18,4,7.75,3,7.8,4.25,0.25,0.0,0.8671
10944,7,4,12.5,11,5.8,7.0,0.25,0.0,0.2935
10944,8,4,42.5,30,14.53,26.75,2.25,0.0,0.998
10944,9,4,39.5,37,6.24,28.0,0.75,0.0,0.9276
10944,10,4,40.75,40,5.91,30.25,0.75,0.0,0.9569
10944,16,4,49.75,52,5.85,37.5,2.0,0.0,1.1683
10944,17,4,55.75,56,12.28,41.75,1.25,0.0,1.3092
10944,11,4,45.5,46,9.47,35.0,0.75,0.25,1.0685
10944,14,4,45.75,45,1.5,32.75,0.25,0.0,1.0744
